{"cameraMode":{"drawMode":0,"name":"Shaded","section":"Shading Mode"},"sceneLighting":true,"audioPlay":false,"sceneViewState":{"m_AlwaysRefresh":false,"showFog":true,"showSkybox":true,"showFlares":true,"showImageEffects":true,"showParticleSystems":true,"showVisualEffectGraphs":true,"m_FxEnabled":true},"in2DMode":false,"pivot":{"x":-22.13397979736328,"y":-28.689815521240236,"z":28.669193267822267},"rotation":{"x":0.24442392587661744,"y":-0.5919071435928345,"z":0.19417797029018403,"w":0.7433614730834961},"size":38.743900299072269,"orthographic":false}